Route_Name,Route_Link,Bus_Name,Bus_Type,Date,Departing_Time,Duration,Reaching_Time,Star_Rating,Price,Seat_Availability
Udaipur to Jodhpur,https://www.redbus.in/bus-tickets/udaipur-to-jodhpur,RSRTC - 193271,Express Non AC Seater 2+3,2024-09-05,19:30,06h 30m,02:00,4.2,INR 294,31 Seats available
Udaipur to Jodhpur,https://www.redbus.in/bus-tickets/udaipur-to-jodhpur,RSRTC - 189622,Express Non AC Seater 2+3,2024-09-05,22:00,07h 00m,05:00,3.5,INR 294,42 Seats available
Udaipur to Jodhpur,https://www.redbus.in/bus-tickets/udaipur-to-jodhpur,Jain travels regd,A/C Seater / Sleeper (2+1),2024-09-05,22:15,06h 15m,04:30,4.1,INR 460,27 Seats available
Udaipur to Jodhpur,https://www.redbus.in/bus-tickets/udaipur-to-jodhpur,Raj Travel,A/C Sleeper (2+1),2024-09-05,22:30,07h 00m,05:30,4.6,INR 560,16 Seats available
Udaipur to Jodhpur,https://www.redbus.in/bus-tickets/udaipur-to-jodhpur,Kalpana Travels,NON AC Seater / Sleeper 2+1,2024-09-05,22:00,06h 54m,04:54,4.0,INR 300,23 Seats available
Udaipur to Jodhpur,https://www.redbus.in/bus-tickets/udaipur-to-jodhpur,Raj Travel,Bharat Benz A/C Seater (2+1),2024-09-05,18:10,04h 20m,22:30,4.1,INR 460,16 Seats available
Udaipur to Jodhpur,https://www.redbus.in/bus-tickets/udaipur-to-jodhpur,Jakhar Travels,A/C Seater / Sleeper (2+1),2024-09-05,22:00,06h 30m,04:30,3.9,INR 457,20 Seats available
Jodhpur to Ajmer,https://www.redbus.in/bus-tickets/jodhpur-to-ajmer,RSRTC - 187140,NON AC Seater / Sleeper 2+1,2024-09-05,19:30,04h 00m,23:30,4.5,INR 302,33 Seats available
Jodhpur to Ajmer,https://www.redbus.in/bus-tickets/jodhpur-to-ajmer,RSRTC - 176394,Super Luxury Volvo AC Seater Pushback 2+2,2024-09-05,20:00,03h 45m,23:45,4.2,INR 460,34 Seats available
Jodhpur to Ajmer,https://www.redbus.in/bus-tickets/jodhpur-to-ajmer,RSRTC - 189473,NON AC Seater / Sleeper 2+1,2024-09-05,21:00,04h 30m,01:30,3.9,INR 302,37 Seats available
Jodhpur to Ajmer,https://www.redbus.in/bus-tickets/jodhpur-to-ajmer,RSRTC - 192299,Super Luxury Volvo AC Seater Pushback 2+2,2024-09-05,23:00,03h 45m,02:45,4.2,INR 458,37 Seats available
Jodhpur to Ajmer,https://www.redbus.in/bus-tickets/jodhpur-to-ajmer,RSRTC - 189583,NON AC Seater / Sleeper 2+1,2024-09-05,23:59,03h 46m,03:45,4.6,INR 302,35 Seats available
Jodhpur to Ajmer,https://www.redbus.in/bus-tickets/jodhpur-to-ajmer,B.R. Travels,AC Sleeper (2+1),2024-09-05,18:30,04h 30m,23:00,4.3,INR 600,28 Seats available
Jodhpur to Ajmer,https://www.redbus.in/bus-tickets/jodhpur-to-ajmer,M R Travels,NON A/C Seater/ Sleeper (2+1),2024-09-05,18:30,05h 10m,23:40,3.8,INR 450,33 Seats available
Jodhpur to Ajmer,https://www.redbus.in/bus-tickets/jodhpur-to-ajmer,Jain travels regd,NON AC Seater/ Sleeper (2+1),2024-09-05,19:00,04h 36m,23:36,3.1,INR 330,36 Seats available
Jodhpur to Ajmer,https://www.redbus.in/bus-tickets/jodhpur-to-ajmer,Bluecity Bus,A/C Sleeper (2+1),2024-09-05,19:00,04h 55m,23:55,4.3,INR 500,16 Seats available
Jodhpur to Ajmer,https://www.redbus.in/bus-tickets/jodhpur-to-ajmer,Jain travels regd,NON AC Seater / Sleeper 2+1,2024-09-05,19:00,04h 50m,23:50,3.1,INR 330,39 Seats available
Beawar (Rajasthan) to Jaipur (Rajasthan),https://www.redbus.in/bus-tickets/beawer-to-jaipur,RSRTC - 178737,Express Non AC Seater 2+3,2024-09-05,18:55,04h 05m,23:00,3.6,INR 211,42 Seats available
Beawar (Rajasthan) to Jaipur (Rajasthan),https://www.redbus.in/bus-tickets/beawer-to-jaipur,RSRTC - 194178,Super Luxury Volvo AC Seater Pushback 2+2,2024-09-05,19:30,03h 30m,23:00,3.6,INR 424,37 Seats available
Beawar (Rajasthan) to Jaipur (Rajasthan),https://www.redbus.in/bus-tickets/beawer-to-jaipur,RSRTC - 188804,Express Non AC Seater 2+3,2024-09-05,20:00,03h 45m,23:45,3.6,INR 211,42 Seats available
Beawar (Rajasthan) to Jaipur (Rajasthan),https://www.redbus.in/bus-tickets/beawer-to-jaipur,RSRTC - 190584,Express Non AC Seater 2+3,2024-09-05,20:50,04h 20m,01:10,3.6,INR 211,42 Seats available
Beawar (Rajasthan) to Jaipur (Rajasthan),https://www.redbus.in/bus-tickets/beawer-to-jaipur,RSRTC - 190951,Express Non AC Seater 2+3,2024-09-05,21:20,04h 10m,01:30,3.6,INR 211,42 Seats available
Beawar (Rajasthan) to Jaipur (Rajasthan),https://www.redbus.in/bus-tickets/beawer-to-jaipur,Jain travels regd,NON AC Seater / Sleeper 2+1,2024-09-05,19:30,03h 30m,23:00,3.5,INR 350,42 Seats available
Beawar (Rajasthan) to Jaipur (Rajasthan),https://www.redbus.in/bus-tickets/beawer-to-jaipur,CHANDRA RAJ TRAVELS,A/C Seater / Sleeper (2+1),2024-09-05,21:00,03h 00m,00:00,3.3,INR 500,36 Seats available
Beawar (Rajasthan) to Jaipur (Rajasthan),https://www.redbus.in/bus-tickets/beawer-to-jaipur,Devraj Travels,Bharat Benz A/C Seater /Sleeper (2+1),2024-09-05,21:20,02h 39m,23:59,3.5,INR 400,28 Seats available
Beawar (Rajasthan) to Jaipur (Rajasthan),https://www.redbus.in/bus-tickets/beawer-to-jaipur,Jain travels regd,NON AC Seater/ Sleeper (2+1),2024-09-05,21:45,03h 30m,01:15,3.5,INR 300,42 Seats available
Beawar (Rajasthan) to Jaipur (Rajasthan),https://www.redbus.in/bus-tickets/beawer-to-jaipur,Pandit Travels,NON AC Seater / Sleeper 2+1,2024-09-05,21:45,03h 30m,01:15,4.0,INR 500,36 Seats available
Sikar to Jaipur (Rajasthan),https://www.redbus.in/bus-tickets/sikar-to-jaipur,RSRTC - 170435,Express Non AC Seater 2+3,2024-09-05,19:00,02h 15m,21:15,3.8,INR 129,42 Seats available
Sikar to Jaipur (Rajasthan),https://www.redbus.in/bus-tickets/sikar-to-jaipur,RSRTC - 173071,Super Luxury Volvo AC Seater Pushback 2+2,2024-09-05,19:05,01h 55m,21:00,3.8,INR 213,15 Seats available
Sikar to Jaipur (Rajasthan),https://www.redbus.in/bus-tickets/sikar-to-jaipur,RSRTC - 193580,Express Non AC Seater 2+3,2024-09-05,19:40,01h 50m,21:30,3.8,INR 129,42 Seats available
Sikar to Jaipur (Rajasthan),https://www.redbus.in/bus-tickets/sikar-to-jaipur,RSRTC - 168498,Express Non AC Seater 2+3,2024-09-05,19:50,02h 40m,22:30,3.8,INR 129,42 Seats available
Sikar to Jaipur (Rajasthan),https://www.redbus.in/bus-tickets/sikar-to-jaipur,RSRTC - 173598,Super Luxury Volvo AC Seater Pushback 2+2,2024-09-05,20:00,02h 00m,22:00,3.3,INR 213,27 Seats available
Sikar to Jaipur (Rajasthan),https://www.redbus.in/bus-tickets/sikar-to-jaipur,Vijay Tour and Travels,Bharat Benz A/C Seater /Sleeper (2+1),2024-09-05,18:45,02h 55m,21:40,3.5,INR 300,29 Seats available
Sikar to Jaipur (Rajasthan),https://www.redbus.in/bus-tickets/sikar-to-jaipur,Maharaja Travels,A/C Seater / Sleeper (2+1),2024-09-05,19:40,02h 40m,22:20,3.1,INR 286,36 Seats available
Sikar to Jaipur (Rajasthan),https://www.redbus.in/bus-tickets/sikar-to-jaipur,New Babu Travels,A/C Seater/Sleeper (2+1),2024-09-05,19:45,03h 15m,23:00,3.2,INR 332.38,21 Seats available
Sikar to Jaipur (Rajasthan),https://www.redbus.in/bus-tickets/sikar-to-jaipur,Vijay Tour and Travels,A/C Seater / Sleeper (2+1),2024-09-05,20:00,03h 00m,23:00,3.5,INR 250,31 Seats available
Sikar to Jaipur (Rajasthan),https://www.redbus.in/bus-tickets/sikar-to-jaipur,Jai Shrinath Ji Ki Travels,Non A/C Seater / Sleeper (2+1),2024-09-05,20:00,02h 45m,22:45,3.5,INR 350,38 Seats available
Jaipur (Rajasthan) to Jodhpur,https://www.redbus.in/bus-tickets/jaipur-to-jodhpur,RSRTC - 189582,NON AC Seater / Sleeper 2+1,2024-09-05,20:01,07h 29m,03:30,3.3,INR 448,30 Seats available
Jaipur (Rajasthan) to Jodhpur,https://www.redbus.in/bus-tickets/jaipur-to-jodhpur,RSRTC - 190961,NON AC Seater / Sleeper 2+1,2024-09-05,20:40,08h 00m,04:40,3.2,INR 448,37 Seats available
Jaipur (Rajasthan) to Jodhpur,https://www.redbus.in/bus-tickets/jaipur-to-jodhpur,RSRTC - 163517,Express Non AC Seater 2+3,2024-09-05,21:05,07h 55m,05:00,3.3,INR 356,42 Seats available
Jaipur (Rajasthan) to Jodhpur,https://www.redbus.in/bus-tickets/jaipur-to-jodhpur,RSRTC - 178948,Super Luxury Volvo AC Seater Pushback 2+2,2024-09-05,22:31,06h 14m,04:45,4.3,INR 740,37 Seats available
Jaipur (Rajasthan) to Jodhpur,https://www.redbus.in/bus-tickets/jaipur-to-jodhpur,RSRTC - 187138,NON AC Seater / Sleeper 2+1,2024-09-05,23:20,07h 10m,06:30,2.9,INR 448,37 Seats available
Jaipur (Rajasthan) to Jodhpur,https://www.redbus.in/bus-tickets/jaipur-to-jodhpur,Jain travels regd,A/C Seater / Sleeper (2+1),2024-09-05,22:05,07h 00m,05:05,4.4,INR 450,23 Seats available
Jaipur (Rajasthan) to Jodhpur,https://www.redbus.in/bus-tickets/jaipur-to-jodhpur,M R Travels,A/C Seater / Sleeper (2+1),2024-09-05,22:30,07h 00m,05:30,4.3,INR 500,27 Seats available
Jaipur (Rajasthan) to Jodhpur,https://www.redbus.in/bus-tickets/jaipur-to-jodhpur,Jain travels regd,A/C Seater / Sleeper (2+1),2024-09-05,23:00,07h 00m,06:00,4.2,INR 450,29 Seats available
Jaipur (Rajasthan) to Jodhpur,https://www.redbus.in/bus-tickets/jaipur-to-jodhpur,Jain Shiv Shankar Travels,NON A/C Seater/ Sleeper (2+1),2024-09-05,21:50,06h 55m,04:45,4.0,INR 350,28 Seats available
Jaipur (Rajasthan) to Jodhpur,https://www.redbus.in/bus-tickets/jaipur-to-jodhpur,Shri Ganesh Travels,A/C Seater / Sleeper (2+1),2024-09-05,18:30,07h 00m,01:30,4.7,INR 450,19 Seats available
Aligarh (uttar pradesh) to Jaipur (Rajasthan),https://www.redbus.in/bus-tickets/aligarh-uttar-pradesh-to-jaipur,RSRTC - 194122,Semi Deluxe Non AC Seater 2+2,2024-09-05,21:31,06h 29m,04:00,3.6,INR 411,31 Seats available
Aligarh (uttar pradesh) to Jaipur (Rajasthan),https://www.redbus.in/bus-tickets/aligarh-uttar-pradesh-to-jaipur,RSRTC - 193595,NON AC Seater / Sleeper 2+1,2024-09-05,22:01,06h 14m,04:15,3.6,INR 463,7 Seats available
Aligarh (uttar pradesh) to Jaipur (Rajasthan),https://www.redbus.in/bus-tickets/aligarh-uttar-pradesh-to-jaipur,UPSRTC - ALI0024,Ordinary Non AC Seater 2+3,2024-09-05,21:00,08h 00m,05:00,3.5,INR 361,52 Seats available
Aligarh (uttar pradesh) to Jaipur (Rajasthan),https://www.redbus.in/bus-tickets/aligarh-uttar-pradesh-to-jaipur,Rinku Travels,A/C Seater / Sleeper (2+1),2024-09-05,21:15,08h 45m,06:00,3.9,INR 400,26 Seats available
Aligarh (uttar pradesh) to Jaipur (Rajasthan),https://www.redbus.in/bus-tickets/aligarh-uttar-pradesh-to-jaipur,Rinku Travels,A/C Seater / Sleeper (2+1),2024-09-05,21:30,07h 50m,05:20,3.0,INR 400,23 Seats available
Aligarh (uttar pradesh) to Jaipur (Rajasthan),https://www.redbus.in/bus-tickets/aligarh-uttar-pradesh-to-jaipur,Mahalaxmi Travels,Bharat Benz A/C Seater /Sleeper (2+1),2024-09-05,23:55,07h 05m,07:00,2.5,INR 399,15 Seats available
Aligarh (uttar pradesh) to Jaipur (Rajasthan),https://www.redbus.in/bus-tickets/aligarh-uttar-pradesh-to-jaipur,SHAGUN CARGO & TRAVELS,A/C Sleeper (2+1),2024-09-05,23:55,07h 05m,07:00,1.2,INR 900,16 Seats available
Jaipur (Rajasthan) to Aligarh (uttar pradesh),https://www.redbus.in/bus-tickets/jaipur-to-aligarh-uttar-pradesh,RSRTC - 190202,Express Non AC Seater 2+3,2024-09-05,21:50,07h 10m,05:00,3.7,INR 369,42 Seats available
Jaipur (Rajasthan) to Aligarh (uttar pradesh),https://www.redbus.in/bus-tickets/jaipur-to-aligarh-uttar-pradesh,RSRTC - 193797,NON AC Seater / Sleeper 2+1,2024-09-05,22:01,06h 29m,04:30,2.3,INR 463,26 Seats available
Jaipur (Rajasthan) to Aligarh (uttar pradesh),https://www.redbus.in/bus-tickets/jaipur-to-aligarh-uttar-pradesh,RSRTC - 189082,Super Luxury Volvo AC Seater Pushback 2+2,2024-09-05,23:00,07h 00m,06:00,4.4,INR 570,24 Seats available
Jaipur (Rajasthan) to Aligarh (uttar pradesh),https://www.redbus.in/bus-tickets/jaipur-to-aligarh-uttar-pradesh,UPSRTC - BDV0129,Ordinary Non AC Seater 2+3,2024-09-05,23:44,07h 41m,07:25,3.3,INR 361,52 Seats available
Jaipur (Rajasthan) to Aligarh (uttar pradesh),https://www.redbus.in/bus-tickets/jaipur-to-aligarh-uttar-pradesh,Rinku Travels,A/C Seater / Sleeper (2+1),2024-09-05,21:15,07h 10m,04:25,3.5,INR 400,37 Seats available
Jaipur (Rajasthan) to Aligarh (uttar pradesh),https://www.redbus.in/bus-tickets/jaipur-to-aligarh-uttar-pradesh,SHAGUN CARGO & TRAVELS,A/C Sleeper (2+1),2024-09-05,21:15,06h 45m,04:00,3.0,INR 500,23 Seats available
Jaipur (Rajasthan) to Aligarh (uttar pradesh),https://www.redbus.in/bus-tickets/jaipur-to-aligarh-uttar-pradesh,FOR HANS TRAVELS,NON AC Seater / Sleeper 2+1,2024-09-05,22:30,06h 50m,05:20,3.5,463,42 Seats available
Jaipur (Rajasthan) to Aligarh (uttar pradesh),https://www.redbus.in/bus-tickets/jaipur-to-aligarh-uttar-pradesh,Vijay Tour and Travels,A/C Seater / Sleeper (2+1),2024-09-05,21:00,06h 30m,03:30,0,INR 949,38 Seats available
Jodhpur to Beawar (Rajasthan),https://www.redbus.in/bus-tickets/jodhpur-to-beawer,RSRTC - 187140,NON AC Seater / Sleeper 2+1,2024-09-05,19:30,02h 50m,22:20,3.8,INR 235,37 Seats available
Jodhpur to Beawar (Rajasthan),https://www.redbus.in/bus-tickets/jodhpur-to-beawer,RSRTC - 176394,Super Luxury Volvo AC Seater Pushback 2+2,2024-09-05,20:00,02h 30m,22:30,3.8,INR 339,37 Seats available
Jodhpur to Beawar (Rajasthan),https://www.redbus.in/bus-tickets/jodhpur-to-beawer,RSRTC - 189473,NON AC Seater / Sleeper 2+1,2024-09-05,21:00,03h 30m,00:30,3.8,INR 235,37 Seats available
Jodhpur to Beawar (Rajasthan),https://www.redbus.in/bus-tickets/jodhpur-to-beawer,RSRTC - 192299,Super Luxury Volvo AC Seater Pushback 2+2,2024-09-05,23:00,02h 30m,01:30,3.8,INR 339,37 Seats available
Jodhpur to Beawar (Rajasthan),https://www.redbus.in/bus-tickets/jodhpur-to-beawer,RSRTC - 189583,NON AC Seater / Sleeper 2+1,2024-09-05,23:59,02h 41m,02:40,3.8,INR 235,37 Seats available
Jodhpur to Beawar (Rajasthan),https://www.redbus.in/bus-tickets/jodhpur-to-beawer,M R Travels,NON A/C Seater/ Sleeper (2+1),2024-09-05,17:55,04h 20m,22:15,3.8,INR 400,38 Seats available
Jodhpur to Beawar (Rajasthan),https://www.redbus.in/bus-tickets/jodhpur-to-beawer,Bluecity Bus,A/C Sleeper (2+1),2024-09-05,19:00,03h 15m,22:15,4.3,INR 500,23 Seats available
Jodhpur to Beawar (Rajasthan),https://www.redbus.in/bus-tickets/jodhpur-to-beawer,Jain travels regd,NON AC Seater / Sleeper 2+1,2024-09-05,19:00,03h 55m,22:55,3.9,INR 270,42 Seats available
Jodhpur to Beawar (Rajasthan),https://www.redbus.in/bus-tickets/jodhpur-to-beawer,Jain travels regd,NON AC Seater/ Sleeper (2+1),2024-09-05,19:00,03h 21m,22:21,3.9,INR 270,36 Seats available
Jodhpur to Beawar (Rajasthan),https://www.redbus.in/bus-tickets/jodhpur-to-beawer,FlixBus,A/C Sleeper (2+1),2024-09-05,19:00,04h 00m,23:00,4.0,INR 121,28 Seats available
Jaipur (Rajasthan) to Pilani,https://www.redbus.in/bus-tickets/jaipur-to-pilani,RSRTC - 154392,Express Non AC Seater 2+3,2024-09-05,21:30,05h 30m,03:00,4.2,INR 263,42 Seats available
Jaipur (Rajasthan) to Pilani,https://www.redbus.in/bus-tickets/jaipur-to-pilani,Devraj Travels,A/C Seater / Sleeper (2+1),2024-09-05,18:15,04h 50m,23:05,4.5,INR 450,26 Seats available
Jaipur (Rajasthan) to Pilani,https://www.redbus.in/bus-tickets/jaipur-to-pilani,Vijay Tour and Travels,A/C Seater / Sleeper (2+1),2024-09-05,18:30,05h 20m,23:50,3.5,INR 400,29 Seats available
Jaipur (Rajasthan) to Pilani,https://www.redbus.in/bus-tickets/jaipur-to-pilani,R.K Jakhar Travels,A/C Seater / Sleeper (2+1),2024-09-05,21:25,05h 05m,02:30,4.4,INR 300,42 Seats available
Jaipur (Rajasthan) to Pilani,https://www.redbus.in/bus-tickets/jaipur-to-pilani,Vijay Tour and Travels,A/C Seater / Sleeper (2+1),2024-09-05,22:15,04h 45m,03:00,3.6,INR 300,41 Seats available
Kishangarh to Jaipur (Rajasthan),https://www.redbus.in/bus-tickets/kishangarh-to-jaipur,RSRTC - 191024,NON AC Seater / Sleeper 2+1,2024-09-05,19:05,02h 20m,21:25,3.3,INR 184,37 Seats available
Kishangarh to Jaipur (Rajasthan),https://www.redbus.in/bus-tickets/kishangarh-to-jaipur,RSRTC - 146140,Super Luxury Volvo AC Seater Pushback 2+2,2024-09-05,19:30,01h 30m,21:00,2.9,INR 239,37 Seats available
Kishangarh to Jaipur (Rajasthan),https://www.redbus.in/bus-tickets/kishangarh-to-jaipur,RSRTC - 169915,Express Non AC Seater 2+3,2024-09-05,19:35,01h 55m,21:30,3.3,INR 120,42 Seats available
Kishangarh to Jaipur (Rajasthan),https://www.redbus.in/bus-tickets/kishangarh-to-jaipur,RSRTC - 180722,Express Non AC Seater 2+3,2024-09-05,20:15,03h 00m,23:15,3.3,INR 120,42 Seats available
Kishangarh to Jaipur (Rajasthan),https://www.redbus.in/bus-tickets/kishangarh-to-jaipur,RSRTC - 194178,Super Luxury Volvo AC Seater Pushback 2+2,2024-09-05,21:15,01h 45m,23:00,4.0,INR 239,37 Seats available
Kishangarh to Jaipur (Rajasthan),https://www.redbus.in/bus-tickets/kishangarh-to-jaipur,Anshi Raj Shree Travels,Bharat Benz A/C Seater /Sleeper (2+1),2024-09-05,18:30,02h 45m,21:15,3.6,INR 299,27 Seats available
Kishangarh to Jaipur (Rajasthan),https://www.redbus.in/bus-tickets/kishangarh-to-jaipur,Mahalaxmi Travels,Bharat Benz A/C Seater /Sleeper (2+1),2024-09-05,18:30,03h 00m,21:30,3.9,INR 299,38 Seats available
Kishangarh to Jaipur (Rajasthan),https://www.redbus.in/bus-tickets/kishangarh-to-jaipur,Jain travels regd,A/C Seater / Sleeper (2+1),2024-09-05,18:45,02h 00m,20:45,3.9,INR 300,40 Seats available
Kishangarh to Jaipur (Rajasthan),https://www.redbus.in/bus-tickets/kishangarh-to-jaipur,Jain travels regd,NON AC Seater / Sleeper 2+1,2024-09-05,19:25,02h 00m,21:25,2.1,INR 300,42 Seats available
Kishangarh to Jaipur (Rajasthan),https://www.redbus.in/bus-tickets/kishangarh-to-jaipur,RR Travels,A/C Seater / Sleeper (2+1),2024-09-05,22:35,02h 20m,00:55,0,INR 250,41 Seats available
Hyderabad to Vijayawada,https://www.redbus.in/bus-tickets/hyderabad-to-vijayawada,APSRTC - 2798,INDRA(A.C. Seater),2024-09-05,19:15,07h 15m,02:30,3.4,INR 528,15 Seats available
Hyderabad to Vijayawada,https://www.redbus.in/bus-tickets/hyderabad-to-vijayawada,APSRTC - 4972,"SUPER LUXURY (NON-AC, 2 + 2 PUSH BACK)",2024-09-05,19:20,08h 00m,03:20,3.7,INR 436,5 Seats available
Hyderabad to Vijayawada,https://www.redbus.in/bus-tickets/hyderabad-to-vijayawada,APSRTC - 2563,INDRA(A.C. Seater),2024-09-05,19:30,05h 55m,01:25,3.3,INR 528,12 Seats available
Hyderabad to Vijayawada,https://www.redbus.in/bus-tickets/hyderabad-to-vijayawada,APSRTC - 4894,"SUPER LUXURY (NON-AC, 2 + 2 PUSH BACK)",2024-09-05,19:45,07h 15m,03:00,4.7,INR 469,9 Seats available
Hyderabad to Vijayawada,https://www.redbus.in/bus-tickets/hyderabad-to-vijayawada,,,2024-09-05,,,,,,
Hyderabad to Vijayawada,https://www.redbus.in/bus-tickets/hyderabad-to-vijayawada,,,2024-09-05,,,,,,
Hyderabad to Vijayawada,https://www.redbus.in/bus-tickets/hyderabad-to-vijayawada,,,2024-09-05,,,,,,
Hyderabad to Vijayawada,https://www.redbus.in/bus-tickets/hyderabad-to-vijayawada,,,2024-09-05,,,,,,
Hyderabad to Vijayawada,https://www.redbus.in/bus-tickets/hyderabad-to-vijayawada,,,2024-09-05,,,,,,
Hyderabad to Vijayawada,https://www.redbus.in/bus-tickets/hyderabad-to-vijayawada,,,2024-09-05,,,,,,
Khammam to Hyderabad,https://www.redbus.in/bus-tickets/khammam-to-hyderabad,TSRTC - 64089,RAJDHANI (A.C. Semi Sleeper),2024-09-05,18:00,04h 00m,22:00,3.3,INR 389,31 Seats available
Khammam to Hyderabad,https://www.redbus.in/bus-tickets/khammam-to-hyderabad,TSRTC - 1952,LAHARI A/C SLEEPER CUM SEATER,2024-09-05,18:10,03h 35m,21:45,3.2,INR 389,27 Seats available
Khammam to Hyderabad,https://www.redbus.in/bus-tickets/khammam-to-hyderabad,TSRTC - 4172,RAJADHANI AC (CONVERTED METRO LUXURY),2024-09-05,18:30,04h 00m,22:30,3.7,INR 389,33 Seats available
Khammam to Hyderabad,https://www.redbus.in/bus-tickets/khammam-to-hyderabad,TSRTC - 64022,RAJADHANI AC (CONVERTED METRO LUXURY),2024-09-05,19:30,04h 45m,00:15,2.9,INR 389,32 Seats available
Khammam to Hyderabad,https://www.redbus.in/bus-tickets/khammam-to-hyderabad,TSRTC - 8677,Super Luxury (Non AC Seater 2+2 Push Back),2024-09-05,19:30,04h 10m,23:40,3.9,INR 320,31 Seats available
Khammam to Hyderabad,https://www.redbus.in/bus-tickets/khammam-to-hyderabad,Sri KVR Travels,Non A/C Seater / Sleeper (2+1),2024-09-05,23:40,05h 20m,05:00,3.4,INR 400,20 Seats available
Khammam to Hyderabad,https://www.redbus.in/bus-tickets/khammam-to-hyderabad,Bharathi Tours & Travels,Non A/C Seater / Sleeper (2+1),2024-09-05,23:40,04h 20m,04:00,3.0,INR 500,23 Seats available
Khammam to Hyderabad,https://www.redbus.in/bus-tickets/khammam-to-hyderabad,BSR Tours And Travels,NON A/C Seater (2+2),2024-09-05,23:40,06h 20m,06:00,4.2,INR 400,27 Seats available
Khammam to Hyderabad,https://www.redbus.in/bus-tickets/khammam-to-hyderabad,Sri Venkateswara Travels,Non A/C Seater / Sleeper (2+1),2024-09-05,23:45,06h 15m,06:00,3.8,INR 400,18 Seats available
Khammam to Hyderabad,https://www.redbus.in/bus-tickets/khammam-to-hyderabad,RRR Travels,A/C Seater / Sleeper (2+1),2024-09-05,23:50,05h 40m,05:30,4.6,INR 600,27 Seats available
Hyderabad to Khammam,https://www.redbus.in/bus-tickets/hyderabad-to-khammam,TSRTC - 1320,LAHARI A/C SLEEPER CUM SEATER,2024-09-05,17:55,03h 15m,21:10,2.6,INR 389,4 Seats available
Hyderabad to Khammam,https://www.redbus.in/bus-tickets/hyderabad-to-khammam,TSRTC - 64363,Super Luxury (Non AC Seater 2+2 Push Back),2024-09-05,18:10,04h 10m,22:20,3.2,INR 320,4 Seats available
Hyderabad to Khammam,https://www.redbus.in/bus-tickets/hyderabad-to-khammam,TSRTC - 8682,RAJADHANI AC (CONVERTED METRO LUXURY),2024-09-05,18:30,04h 00m,22:30,3.4,INR 389,28 Seats available
Hyderabad to Khammam,https://www.redbus.in/bus-tickets/hyderabad-to-khammam,TSRTC - 8618,Super Luxury (Non AC Seater 2+2 Push Back),2024-09-05,18:40,04h 20m,23:00,3.6,INR 320,22 Seats available
Hyderabad to Khammam,https://www.redbus.in/bus-tickets/hyderabad-to-khammam,TSRTC - 64021,RAJDHANI (A.C. Semi Sleeper),2024-09-05,19:30,04h 00m,23:30,3.8,INR 389,36 Seats available
Hyderabad to Khammam,https://www.redbus.in/bus-tickets/hyderabad-to-khammam,Siri Tours and Travels,A/C Seater / Sleeper (2+1),2024-09-05,18:30,06h 00m,00:30,4.2,INR 720,9 Seats available
Hyderabad to Khammam,https://www.redbus.in/bus-tickets/hyderabad-to-khammam,Sri Krishna Travels(VGN),NON A/C Hi-Tech (2+2),2024-09-05,20:40,06h 50m,03:30,3.6,INR 500,11 Seats available
Hyderabad to Khammam,https://www.redbus.in/bus-tickets/hyderabad-to-khammam,Sri Krishna Travels(VGN),Non A/C Seater / Sleeper (2+1),2024-09-05,20:45,07h 05m,03:50,3.6,INR 550,12 Seats available
Hyderabad to Khammam,https://www.redbus.in/bus-tickets/hyderabad-to-khammam,Gupta Travels Galaxy,A/C Seater / Sleeper (2+2),2024-09-05,21:00,06h 15m,03:15,3.8,INR 700,27 Seats available
Hyderabad to Khammam,https://www.redbus.in/bus-tickets/hyderabad-to-khammam,Sri KVR Travels,Non A/C Seater / Sleeper (2+1),2024-09-05,21:15,05h 45m,03:00,4.9,INR 600,13 Seats available
Hyderabad to Srisailam,https://www.redbus.in/bus-tickets/hyderabad-to-srisailam,TSRTC - 4322,Super Luxury (Non AC Seater 2+2 Push Back),2024-09-05,19:45,12h 15m,08:00,4.3,INR 442,29 Seats available
Hyderabad to Srisailam,https://www.redbus.in/bus-tickets/hyderabad-to-srisailam,TSRTC - 1254,Super Luxury (Non AC Seater 2+2 Push Back),2024-09-05,20:10,12h 20m,08:30,4.2,INR 442,31 Seats available
Hyderabad to Srisailam,https://www.redbus.in/bus-tickets/hyderabad-to-srisailam,TSRTC - 1252,Super Luxury (Non AC Seater 2+2 Push Back),2024-09-05,20:15,12h 15m,08:30,4.4,INR 442,31 Seats available
Hyderabad to Srisailam,https://www.redbus.in/bus-tickets/hyderabad-to-srisailam,TSRTC - 1280,Super Luxury (Non AC Seater 2+2 Push Back),2024-09-05,20:45,11h 15m,08:00,3.9,INR 442,30 Seats available
Hyderabad to Srisailam,https://www.redbus.in/bus-tickets/hyderabad-to-srisailam,TSRTC - 1256,Super Luxury (Non AC Seater 2+2 Push Back),2024-09-05,21:45,10h 50m,08:35,4.4,INR 442,21 Seats available
Karimnagar to Hyderabad,https://www.redbus.in/bus-tickets/karimnagar-to-hyderabad,TSRTC - 7326,Super Luxury (Non AC Seater 2+2 Push Back),2024-09-05,17:55,02h 25m,20:20,2.0,INR 283,30 Seats available
Karimnagar to Hyderabad,https://www.redbus.in/bus-tickets/karimnagar-to-hyderabad,TSRTC - 7418,Super Luxury (Non AC Seater 2+2 Push Back),2024-09-05,18:00,03h 05m,21:05,1.7,INR 283,31 Seats available
Karimnagar to Hyderabad,https://www.redbus.in/bus-tickets/karimnagar-to-hyderabad,TSRTC - 7029,Super Luxury (Non AC Seater 2+2 Push Back),2024-09-05,18:05,03h 00m,21:05,3.9,INR 283,31 Seats available
Karimnagar to Hyderabad,https://www.redbus.in/bus-tickets/karimnagar-to-hyderabad,TSRTC - 7290,LAHARI A/C SLEEPER CUM SEATER,2024-09-05,19:00,02h 40m,21:40,3.1,INR 343,22 Seats available
Karimnagar to Hyderabad,https://www.redbus.in/bus-tickets/karimnagar-to-hyderabad,TSRTC - 7336,Super Luxury (Non AC Seater 2+2 Push Back),2024-09-05,19:15,03h 00m,22:15,3.1,INR 283,30 Seats available
Karimnagar to Hyderabad,https://www.redbus.in/bus-tickets/karimnagar-to-hyderabad,Orange Tours And Travels,Scania AC Multi Axle Sleeper (2+1),2024-09-05,18:15,03h 25m,21:40,3.3,INR 400,23 Seats available
Karimnagar to Hyderabad,https://www.redbus.in/bus-tickets/karimnagar-to-hyderabad,Morning Star Travels,Volvo Multi Axle B9R A/C Sleeper (2+1),2024-09-05,18:00,03h 55m,21:55,2.6,INR 690,22 Seats available
Karimnagar to Hyderabad,https://www.redbus.in/bus-tickets/karimnagar-to-hyderabad,IRA Travels,A/C Sleeper (2+1),2024-09-05,18:30,03h 15m,21:45,3.9,INR 800,27 Seats available
Hyderabad to Karimnagar,https://www.redbus.in/bus-tickets/hyderabad-to-karimnagar,TSRTC - 7068,Super Luxury (Non AC Seater 2+2 Push Back),2024-09-05,18:35,03h 00m,21:35,3.0,INR 283,23 Seats available
Hyderabad to Karimnagar,https://www.redbus.in/bus-tickets/hyderabad-to-karimnagar,TSRTC - 7587,RAJDHANI (A.C. Semi Sleeper),2024-09-05,19:00,03h 00m,22:00,2.6,INR 343,30 Seats available
Hyderabad to Karimnagar,https://www.redbus.in/bus-tickets/hyderabad-to-karimnagar,TSRTC - 7072,Super Luxury (Non AC Seater 2+2 Push Back),2024-09-05,19:00,03h 00m,22:00,4.2,INR 283,25 Seats available
Hyderabad to Karimnagar,https://www.redbus.in/bus-tickets/hyderabad-to-karimnagar,TSRTC - 7315,Super Luxury (Non AC Seater 2+2 Push Back),2024-09-05,19:15,03h 15m,22:30,2.2,INR 283,2 Seats available
Hyderabad to Karimnagar,https://www.redbus.in/bus-tickets/hyderabad-to-karimnagar,TSRTC - 7449,RAJDHANI (A.C. Semi Sleeper),2024-09-05,19:30,03h 00m,22:30,2.7,INR 343,25 Seats available
Hyderabad to Karimnagar,https://www.redbus.in/bus-tickets/hyderabad-to-karimnagar,DNR Express,AC Sleeper (2+1),2024-09-05,21:30,02h 29m,23:59,2.8,1079,16 Seats available
Hyderabad to Karimnagar,https://www.redbus.in/bus-tickets/hyderabad-to-karimnagar,Shree Saipooja Travels,A/C Seater/Sleeper (2+1),2024-09-05,23:10,03h 20m,02:30,2.7,INR 3000,42 Seats available
Hyderabad to Mancherial,https://www.redbus.in/bus-tickets/hyderabad-to-mancherial,TSRTC - 8034,Super Luxury (Non AC Seater 2+2 Push Back),2024-09-05,18:00,06h 10m,00:10,4.0,INR 429,22 Seats available
Hyderabad to Mancherial,https://www.redbus.in/bus-tickets/hyderabad-to-mancherial,TSRTC - 8049,Super Luxury (Non AC Seater 2+2 Push Back),2024-09-05,18:30,06h 25m,00:55,3.8,INR 429,5 Seats available
Hyderabad to Mancherial,https://www.redbus.in/bus-tickets/hyderabad-to-mancherial,TSRTC - 8180,Super Luxury (Non AC Seater 2+2 Push Back),2024-09-05,20:00,05h 20m,01:20,3.5,INR 429,31 Seats available
Hyderabad to Mancherial,https://www.redbus.in/bus-tickets/hyderabad-to-mancherial,TSRTC - 8032,Super Luxury (Non AC Seater 2+2 Push Back),2024-09-05,20:30,06h 10m,02:40,3.9,INR 429,21 Seats available
Hyderabad to Mancherial,https://www.redbus.in/bus-tickets/hyderabad-to-mancherial,TSRTC - 8067,Super Luxury (Non AC Seater 2+2 Push Back),2024-09-05,21:00,06h 25m,03:25,3.8,INR 429,7 Seats available
Hyderabad to Mancherial,https://www.redbus.in/bus-tickets/hyderabad-to-mancherial,DNR Express,AC Sleeper (2+1),2024-09-05,21:30,04h 30m,02:00,2.4,1079,11 Seats available
Hyderabad to Nirmal,https://www.redbus.in/bus-tickets/hyderabad-to-nirmal,TSRTC - 8009,LAHARI A/C SLEEPER CUM SEATER,2024-09-05,18:00,04h 40m,22:40,2.7,INR 456,6 Seats available
Hyderabad to Nirmal,https://www.redbus.in/bus-tickets/hyderabad-to-nirmal,TSRTC - 1947,RAJDHANI (A.C. Semi Sleeper),2024-09-05,18:00,03h 20m,21:20,3.0,INR 456,26 Seats available
Hyderabad to Nirmal,https://www.redbus.in/bus-tickets/hyderabad-to-nirmal,TSRTC - 8113,RAJDHANI (A.C. Semi Sleeper),2024-09-05,18:30,04h 40m,23:10,3.2,INR 456,19 Seats available
Hyderabad to Nirmal,https://www.redbus.in/bus-tickets/hyderabad-to-nirmal,TSRTC - 1155,Lahari Non A/C Sleeper Cum Seater,2024-09-05,18:45,04h 55m,23:40,3.1,INR 407,16 Seats available
Hyderabad to Nirmal,https://www.redbus.in/bus-tickets/hyderabad-to-nirmal,TSRTC - 7936,Super Luxury (Non AC Seater 2+2 Push Back),2024-09-05,18:50,05h 40m,00:30,3.1,INR 376,22 Seats available
Hyderabad to Nirmal,https://www.redbus.in/bus-tickets/hyderabad-to-nirmal,New Royal Travels (Raipur),Bharat Benz A/C Sleeper (2+1),2024-09-05,17:55,03h 50m,21:45,3.5,1121,17 Seats available
Hyderabad to Nirmal,https://www.redbus.in/bus-tickets/hyderabad-to-nirmal,Orange Tours And Travels,Volvo Multi-Axle A/C Semi Sleeper (2+2),2024-09-05,18:00,04h 00m,22:00,3.1,INR 500,1 Seat available
Hyderabad to Nirmal,https://www.redbus.in/bus-tickets/hyderabad-to-nirmal,Sahara Tours and Travels,Bharat Benz A/C Seater (2+2),2024-09-05,18:00,03h 45m,21:45,3.7,INR 500,6 Seats available
Hyderabad to Nirmal,https://www.redbus.in/bus-tickets/hyderabad-to-nirmal,Orange Tours And Travels,Bharat Benz A/C Sleeper (2+1),2024-09-05,19:00,04h 15m,23:15,3.2,INR 600,17 Seats available
Hyderabad to Nirmal,https://www.redbus.in/bus-tickets/hyderabad-to-nirmal,New Royal Travels (Raipur),Bharat Benz A/C Sleeper (2+1),2024-09-05,20:00,04h 45m,00:45,3.5,1121,23 Seats available
Hyderabad to Adilabad,https://www.redbus.in/bus-tickets/hyderabad-to-adilabad,TSRTC - 1135,Lahari Non A/C Sleeper Cum Seater,2024-09-05,18:05,06h 15m,00:20,3.4,INR 532,28 Seats available
Hyderabad to Adilabad,https://www.redbus.in/bus-tickets/hyderabad-to-adilabad,TSRTC - 1155,Lahari Non A/C Sleeper Cum Seater,2024-09-05,18:45,06h 35m,01:20,3.6,INR 533,18 Seats available
Hyderabad to Adilabad,https://www.redbus.in/bus-tickets/hyderabad-to-adilabad,TSRTC - 7936,Super Luxury (Non AC Seater 2+2 Push Back),2024-09-05,18:50,07h 30m,02:20,2.1,INR 504,22 Seats available
Hyderabad to Adilabad,https://www.redbus.in/bus-tickets/hyderabad-to-adilabad,TSRTC - 7902,Super Luxury (Non AC Seater 2+2 Push Back),2024-09-05,19:40,07h 30m,03:10,4.4,INR 504,13 Seats available
Hyderabad to Adilabad,https://www.redbus.in/bus-tickets/hyderabad-to-adilabad,TSRTC - 7908,Super Luxury (Non AC Seater 2+2 Push Back),2024-09-05,20:30,07h 30m,04:00,3.1,INR 504,21 Seats available
Hyderabad to Adilabad,https://www.redbus.in/bus-tickets/hyderabad-to-adilabad,Orange Tours And Travels,A/C Sleeper (2+1),2024-09-05,20:25,07h 20m,03:45,4.0,INR 700,17 Seats available
Hyderabad to Adilabad,https://www.redbus.in/bus-tickets/hyderabad-to-adilabad,Pooja Travels,A/C Sleeper (2+1),2024-09-05,20:10,08h 25m,04:35,4.2,INR 762,16 Seats available
Hyderabad to Adilabad,https://www.redbus.in/bus-tickets/hyderabad-to-adilabad,Ashirwad Travels,AC Sleeper (2+1),2024-09-05,20:00,04h 45m,00:45,4.2,INR 1700,30 Seats available
Hyderabad to Adilabad,https://www.redbus.in/bus-tickets/hyderabad-to-adilabad,New Galaxy Travels,A/C Sleeper (2+1),2024-09-05,22:00,06h 00m,04:00,3.7,INR 5000,30 Seats available
Hyderabad to Adilabad,https://www.redbus.in/bus-tickets/hyderabad-to-adilabad,SRS Travels,Scania Multi-Axle AC Semi Sleeper (2+2),2024-09-05,23:45,05h 30m,05:15,3.6,INR 700,22 Seats available
Hyderabad to Ongole,https://www.redbus.in/bus-tickets/hyderabad-to-ongole,TSRTC - 1935,Super Luxury (Non AC Seater 2+2 Push Back),2024-09-05,19:00,10h 05m,05:05,1.6,INR 550,7 Seats available
Hyderabad to Ongole,https://www.redbus.in/bus-tickets/hyderabad-to-ongole,TSRTC - 4333,Lahari Non A/C Sleeper Cum Seater,2024-09-05,21:45,07h 40m,05:25,3.4,INR 550,6 Seats available
Hyderabad to Ongole,https://www.redbus.in/bus-tickets/hyderabad-to-ongole,TSRTC - 4335,Lahari Non A/C Sleeper Cum Seater,2024-09-05,22:15,07h 40m,05:55,3.5,INR 870,8 Seats available
Hyderabad to Ongole,https://www.redbus.in/bus-tickets/hyderabad-to-ongole,V Kaveri Travels,Scania AC Multi Axle Sleeper (2+1),2024-09-05,21:30,08h 15m,05:45,4.2,INR 1539,13 Seats available
Hyderabad to Ongole,https://www.redbus.in/bus-tickets/hyderabad-to-ongole,V Kaveri Travels,A/C Sleeper (2+1),2024-09-05,21:30,08h 45m,06:15,4.0,INR 1490,16 Seats available
Hyderabad to Ongole,https://www.redbus.in/bus-tickets/hyderabad-to-ongole,Sri Vengamamba Bus Transport (SVBT),A/C Seater / Sleeper (2+1),2024-09-05,21:40,08h 35m,06:15,4.4,INR 1061,4 Seats available
Hyderabad to Ongole,https://www.redbus.in/bus-tickets/hyderabad-to-ongole,Kaveri Travels,Volvo Multi Axle A/C Sleeper I-Shift B11R (2+1),2024-09-05,20:50,08h 50m,05:40,4.3,INR 1149,4 Seats available
Hyderabad to Ongole,https://www.redbus.in/bus-tickets/hyderabad-to-ongole,Kamakshi Tours And Travels,Non A/C Seater / Sleeper (2+1),2024-09-05,20:45,09h 15m,06:00,4.2,INR 790,7 Seats available
Yamuna Nagar to Chandigarh,https://www.redbus.in/bus-tickets/yamuna-nagar-to-chandigarh,Zimindara Travels,AC Sleeper (2+1),2024-09-05,20:30,02h 00m,22:30,4.0,INR 674,25 Seats available
Yamuna Nagar to Chandigarh,https://www.redbus.in/bus-tickets/yamuna-nagar-to-chandigarh,SHRI KRISHNA TRAVELS (JAI SHREE GANESH YATRA CO.),VE A/C Seater / Sleeper (2+1),2024-09-05,20:40,02h 50m,23:30,3.7,INR 750,8 Seats available
Yamuna Nagar to Chandigarh,https://www.redbus.in/bus-tickets/yamuna-nagar-to-chandigarh,Vijay Tour and Travels,Bharat Benz A/C Seater /Sleeper (2+1),2024-09-05,21:00,02h 30m,23:30,3.5,INR 599,38 Seats available
Yamuna Nagar to Chandigarh,https://www.redbus.in/bus-tickets/yamuna-nagar-to-chandigarh,City Land Travels,A/C Seater/Sleeper (2+1),2024-09-05,22:20,02h 00m,00:20,3.5,540,8 Seats available
Chandigarh to Delhi,https://www.redbus.in/bus-tickets/chandigarh-to-delhi,HRTC - 6709,Ordinary 3+2 Non AC Seater,2024-09-05,21:40,05h 00m,02:40,3.9,INR 285,34 Seats available
Chandigarh to Delhi,https://www.redbus.in/bus-tickets/chandigarh-to-delhi,HRTC - 763,Ordinary 3+2 Non AC Seater,2024-09-05,22:40,05h 20m,04:00,3.9,INR 280,34 Seats available
Chandigarh to Delhi,https://www.redbus.in/bus-tickets/chandigarh-to-delhi,HRTC - 602,Ordinary 3+2 Non AC Seater,2024-09-05,23:10,04h 50m,04:00,3.9,INR 280,35 Seats available
Chandigarh to Delhi,https://www.redbus.in/bus-tickets/chandigarh-to-delhi,HRTC - 1107,Ordinary 3+2 Non AC Seater,2024-09-05,23:20,04h 55m,04:15,3.9,INR 270,32 Seats available
Chandigarh to Delhi,https://www.redbus.in/bus-tickets/chandigarh-to-delhi,HRTC - 724,Ordinary 3+2 Non AC Seater,2024-09-05,23:55,05h 35m,05:30,3.9,INR 285,37 Seats available
Chandigarh to Delhi,https://www.redbus.in/bus-tickets/chandigarh-to-delhi,Vijay Tour and Travels,Bharat Benz A/C Seater /Sleeper (2+1),2024-09-05,18:00,05h 40m,23:40,3.5,INR 499,25 Seats available
Chandigarh to Delhi,https://www.redbus.in/bus-tickets/chandigarh-to-delhi,NueGo,Electric A/C Seater (2+2),2024-09-05,18:25,04h 30m,22:55,4.2,333,26 Seats available
Chandigarh to Delhi,https://www.redbus.in/bus-tickets/chandigarh-to-delhi,NueGo,Electric A/C Seater (2+2),2024-09-05,18:30,05h 25m,23:55,3.8,333,20 Seats available
Chandigarh to Delhi,https://www.redbus.in/bus-tickets/chandigarh-to-delhi,NueGo,Electric A/C Seater (2+2),2024-09-05,20:00,05h 20m,01:20,4.0,333,30 Seats available
Chandigarh to Delhi,https://www.redbus.in/bus-tickets/chandigarh-to-delhi,NueGo,Electric A/C Seater (2+2),2024-09-05,22:00,05h 15m,03:15,4.2,333,36 Seats available
Delhi to Chandigarh,https://www.redbus.in/bus-tickets/delhi-to-chandigarh,HRTC - 590,A/C Executive (2+3),2024-09-05,19:00,05h 10m,00:10,3.9,INR 390,36 Seats available
Delhi to Chandigarh,https://www.redbus.in/bus-tickets/delhi-to-chandigarh,HRTC - 541,Ordinary 3+2 Non AC Seater,2024-09-05,19:14,05h 16m,00:30,3.9,INR 285,35 Seats available
Delhi to Chandigarh,https://www.redbus.in/bus-tickets/delhi-to-chandigarh,HRTC - 549,A/C Executive (2+3),2024-09-05,19:25,05h 15m,00:40,3.9,INR 380,40 Seats available
Delhi to Chandigarh,https://www.redbus.in/bus-tickets/delhi-to-chandigarh,HRTC - 545,Ordinary 3+2 Non AC Seater,2024-09-05,19:32,04h 48m,00:20,3.9,INR 270,37 Seats available
Delhi to Chandigarh,https://www.redbus.in/bus-tickets/delhi-to-chandigarh,HRTC - 93,Himsuta AC Seater Volvo/Scania 2+2,2024-09-05,19:35,05h 25m,01:00,3.9,INR 523,20 Seats available
Delhi to Chandigarh,https://www.redbus.in/bus-tickets/delhi-to-chandigarh,FlixBus,A/C Seater (2+2),2024-09-05,18:00,06h 40m,00:40,4.6,INR 364,14 Seats available
Delhi to Chandigarh,https://www.redbus.in/bus-tickets/delhi-to-chandigarh,Subh Yatri Holidays,Volvo A/C Semi Sleeper (2+2),2024-09-05,18:00,05h 45m,23:45,3.3,539,30 Seats available
Delhi to Chandigarh,https://www.redbus.in/bus-tickets/delhi-to-chandigarh,Subh Yatri Holidays,Volvo A/C Semi Sleeper (2+2),2024-09-05,18:00,05h 45m,23:45,3.3,539,30 Seats available
Delhi to Chandigarh,https://www.redbus.in/bus-tickets/delhi-to-chandigarh,AdAwadh Travels,A/C Sleeper (2+2),2024-09-05,19:10,05h 20m,00:30,3.8,722,33 Seats available
Delhi to Chandigarh,https://www.redbus.in/bus-tickets/delhi-to-chandigarh,NueGo,Electric A/C Seater (2+2),2024-09-05,18:00,04h 35m,22:35,3.8,333,7 Seats available
Ludhiana to Chandigarh,https://www.redbus.in/bus-tickets/ludhiana-to-chandigarh,Jujhar Travels,Mercedes Benz A/C (2+2),2024-09-05,18:50,02h 00m,20:50,3.4,INR 280,49 Seats available
Ludhiana to Chandigarh,https://www.redbus.in/bus-tickets/ludhiana-to-chandigarh,Vijay Tour and Travels,Bharat Benz A/C Seater /Sleeper (2+1),2024-09-05,19:00,02h 30m,21:30,3.5,INR 500,38 Seats available
Ludhiana to Chandigarh,https://www.redbus.in/bus-tickets/ludhiana-to-chandigarh,Shree Mahaveer Travels Jaipur,VE A/C Seater / Sleeper (2+1),2024-09-05,19:15,03h 20m,22:35,3.5,INR 2950,34 Seats available
Ludhiana to Chandigarh,https://www.redbus.in/bus-tickets/ludhiana-to-chandigarh,Orbit Aviation Pvt. Ltd.,Mercedes Multi-Axle Semi Sleeper (2+2),2024-09-05,20:10,02h 00m,22:10,3.6,1000,53 Seats available
Ludhiana to Chandigarh,https://www.redbus.in/bus-tickets/ludhiana-to-chandigarh,Orbit Aviation Pvt. Ltd.,Mercedes Multi-Axle Semi Sleeper (2+2),2024-09-05,20:10,01h 50m,22:00,3.6,1000,53 Seats available
Chandigarh to Yamuna Nagar,https://www.redbus.in/bus-tickets/chandigarh-to-yamuna-nagar,Shree Mahaveer Travels Jaipur,VE A/C Seater / Sleeper (2+1),2024-09-05,22:00,02h 35m,00:35,3.5,314,16 Seats available
Chandigarh to Yamuna Nagar,https://www.redbus.in/bus-tickets/chandigarh-to-yamuna-nagar,Vijay Tour and Travels,Bharat Benz A/C Seater /Sleeper (2+1),2024-09-05,21:30,02h 50m,00:20,3.5,INR 600,38 Seats available
Chandigarh to Yamuna Nagar,https://www.redbus.in/bus-tickets/chandigarh-to-yamuna-nagar,SHRI KRISHNA TRAVELS (JAI SHREE GANESH YATRA CO.),VE A/C Seater / Sleeper (2+1),2024-09-05,23:30,02h 30m,02:00,3.7,INR 1399,25 Seats available
Chandigarh to Yamuna Nagar,https://www.redbus.in/bus-tickets/chandigarh-to-yamuna-nagar,Vijay Tour and Travels,Bharat Benz A/C Seater /Sleeper (2+1),2024-09-05,23:30,02h 30m,02:00,3.5,INR 499,38 Seats available
Chandigarh to Ludhiana,https://www.redbus.in/bus-tickets/chandigarh-to-ludhiana,Jujhar Travels,Volvo A/C Semi Sleeper (2+2),2024-09-05,18:20,02h 00m,20:20,3.7,INR 280,32 Seats available
Chandigarh to Ludhiana,https://www.redbus.in/bus-tickets/chandigarh-to-ludhiana,Rajpreet Travels and cargo,A/C Sleeper (2+1),2024-09-05,19:00,02h 30m,21:30,3.5,INR 950,15 Seats available
Chandigarh to Ludhiana,https://www.redbus.in/bus-tickets/chandigarh-to-ludhiana,Zimindara Travels,AC Sleeper (2+1),2024-09-05,20:00,02h 20m,22:20,4.0,INR 714,8 Seats available
Chandigarh to Ludhiana,https://www.redbus.in/bus-tickets/chandigarh-to-ludhiana,Rajpreet Travels and cargo,A/C Sleeper (2+1),2024-09-05,20:00,02h 00m,22:00,3.5,INR 666,27 Seats available
Hamirpur (Himachal Pradesh) to Chandigarh,https://www.redbus.in/bus-tickets/hamirpur-himachal-pradesh-to-chandigarh,HRTC - 15,Himsuta AC Seater Volvo/Scania 2+2,2024-09-05,20:00,04h 10m,00:10,5.0,INR 500,18 Seats available
Hamirpur (Himachal Pradesh) to Chandigarh,https://www.redbus.in/bus-tickets/hamirpur-himachal-pradesh-to-chandigarh,HRTC - 99,Himsuta AC Seater Volvo/Scania 2+2,2024-09-05,21:00,05h 00m,02:00,3.9,INR 615,31 Seats available
Hamirpur (Himachal Pradesh) to Chandigarh,https://www.redbus.in/bus-tickets/hamirpur-himachal-pradesh-to-chandigarh,HRTC - 622,Ordinary 3+2 Non AC Seater,2024-09-05,21:15,05h 15m,02:30,3.3,INR 344,37 Seats available
Hamirpur (Himachal Pradesh) to Chandigarh,https://www.redbus.in/bus-tickets/hamirpur-himachal-pradesh-to-chandigarh,HRTC - 79,Himsuta AC Seater Volvo/Scania 2+2,2024-09-05,21:30,04h 30m,02:00,3.9,INR 595,34 Seats available
Hamirpur (Himachal Pradesh) to Chandigarh,https://www.redbus.in/bus-tickets/hamirpur-himachal-pradesh-to-chandigarh,Laxmi holidays,Volvo A/C Semi Sleeper (2+2),2024-09-05,20:20,04h 55m,01:15,4.6,INR 449,12 Seats available
Hamirpur (Himachal Pradesh) to Chandigarh,https://www.redbus.in/bus-tickets/hamirpur-himachal-pradesh-to-chandigarh,Ram Dalal Holidays,Volvo A/C Semi Sleeper (2+2),2024-09-05,21:15,04h 05m,01:20,4.8,600,9 Seats available
Hamirpur (Himachal Pradesh) to Chandigarh,https://www.redbus.in/bus-tickets/hamirpur-himachal-pradesh-to-chandigarh,Ram Dalal Holidays,Volvo A/C Semi Sleeper (2+2),2024-09-05,22:00,05h 10m,03:10,4.5,419,16 Seats available
Chandigarh to Vrindavan,https://www.redbus.in/bus-tickets/chandigarh-to-vrindavan,Chandigarh Transport Undertaking (CTU) - 165938,HVAC Seater (2+3),2024-09-05,20:00,09h 45m,05:45,4.0,INR 624.77,34 Seats available
Chandigarh to Vrindavan,https://www.redbus.in/bus-tickets/chandigarh-to-vrindavan,Vijay Tour and Travels,Bharat Benz A/C Seater /Sleeper (2+1),2024-09-05,18:00,07h 50m,01:50,3.5,INR 799,25 Seats available
Chandigarh to Pathankot,https://www.redbus.in/bus-tickets/chandigarh-to-pathankot,HRTC - 215,Ordinary 3+2 Non AC Seater,2024-09-05,22:30,08h 00m,06:30,3.9,INR 515,27 Seats available
Chandigarh to Pathankot,https://www.redbus.in/bus-tickets/chandigarh-to-pathankot,Jamna Travels-Jammu,AshokLeyland Stile A/C,2024-09-05,20:15,05h 15m,01:30,3.7,513,10 Seats available
Chandigarh to Pathankot,https://www.redbus.in/bus-tickets/chandigarh-to-pathankot,Baru travels,A/C Seater / Sleeper (2+2),2024-09-05,20:45,05h 15m,02:00,3.9,INR 600,31 Seats available
Chandigarh to Pathankot,https://www.redbus.in/bus-tickets/chandigarh-to-pathankot,Harikesh Tour N Travels,A/C Sleeper (2+1),2024-09-05,21:00,05h 00m,02:00,4.0,INR 550,2 Seats available
Chandigarh to Pathankot,https://www.redbus.in/bus-tickets/chandigarh-to-pathankot,Awadh Travels,A/C Sleeper (2+1),2024-09-05,21:15,04h 45m,02:00,3.8,552,10 Seats available
Bangalore to Kozhikode,https://www.redbus.in/bus-tickets/bangalore-to-kozhikode,MMK Travels,VE A/C Seater / Sleeper (2+1),2024-09-05,22:30,09h 00m,07:30,4.4,INR 1100,1 Seat available
Bangalore to Kozhikode,https://www.redbus.in/bus-tickets/bangalore-to-kozhikode,Kyros Connect,Bharat Benz A/C Semi Sleeper (2+2),2024-09-05,23:00,10h 00m,09:00,4.1,INR 1699,15 Seats available
Bangalore to Kozhikode,https://www.redbus.in/bus-tickets/bangalore-to-kozhikode,SURAJ TRAVEL HOUSE,VE A/C Seater / Sleeper (2+1),2024-09-05,21:00,10h 30m,07:30,4.0,949,1 Seat available
Bangalore to Kozhikode,https://www.redbus.in/bus-tickets/bangalore-to-kozhikode,AdFAST LINE BUS,A/C Sleeper (2+1),2024-09-05,21:15,09h 00m,06:15,4.4,INR 2699,34 Seats available
Bangalore to Kozhikode,https://www.redbus.in/bus-tickets/bangalore-to-kozhikode,DLT BUS,A/C Sleeper (2+1),2024-09-05,22:30,09h 00m,07:30,3.8,INR 1499,2 Seats available
Kozhikode to Bangalore,https://www.redbus.in/bus-tickets/kozhikode-to-bangalore,KSRTC (Kerala) - 1583,Super Express Non AC Seater Air Bus (2+2),2024-09-05,20:02,09h 19m,05:21,3.4,INR 640,28 Seats available
Kozhikode to Bangalore,https://www.redbus.in/bus-tickets/kozhikode-to-bangalore,KSRTC (Kerala) - 234,Swift Deluxe Non AC Air Bus (2+2),2024-09-05,21:00,09h 00m,06:00,3.8,INR 620,8 Seats available
Kozhikode to Bangalore,https://www.redbus.in/bus-tickets/kozhikode-to-bangalore,KSRTC (Kerala) - 1584,Super Express Non AC Seater Air Bus (2+2),2024-09-05,21:29,09h 09m,06:38,2.9,INR 640,21 Seats available
Kozhikode to Bangalore,https://www.redbus.in/bus-tickets/kozhikode-to-bangalore,KSRTC (Kerala) - 50,Swift Deluxe Non AC Air Bus (2+2),2024-09-05,22:06,08h 35m,06:41,3.3,INR 640,24 Seats available
Kozhikode to Bangalore,https://www.redbus.in/bus-tickets/kozhikode-to-bangalore,MMK Travels,VE A/C Seater / Sleeper (2+1),2024-09-05,21:30,08h 30m,06:00,4.4,INR 700,24 Seats available
Kozhikode to Bangalore,https://www.redbus.in/bus-tickets/kozhikode-to-bangalore,SAAM BUS,VE A/C Sleeper (2+1),2024-09-05,20:30,09h 45m,06:15,4.4,INR 750,15 Seats available
Kozhikode to Bangalore,https://www.redbus.in/bus-tickets/kozhikode-to-bangalore,Silver Line Travels,NON A/C Semi Sleeper (2+2),2024-09-05,20:30,09h 15m,05:45,4.2,INR 599,35 Seats available
Kozhikode to Bangalore,https://www.redbus.in/bus-tickets/kozhikode-to-bangalore,NS Transports,Non A/C Seater / Sleeper (2+1),2024-09-05,20:30,10h 05m,06:35,4.2,INR 649,13 Seats available
Kozhikode to Bangalore,https://www.redbus.in/bus-tickets/kozhikode-to-bangalore,P K Travels,A/C Sleeper (2+1),2024-09-05,20:00,10h 00m,06:00,4.2,809,23 Seats available
Kozhikode to Ernakulam,https://www.redbus.in/bus-tickets/kozhikode-to-ernakulam,KSRTC (Kerala) - 1286,Super Express Non AC Seater Air Bus (2+2),2024-09-05,19:15,04h 33m,23:48,4.5,INR 309,31 Seats available
Kozhikode to Ernakulam,https://www.redbus.in/bus-tickets/kozhikode-to-ernakulam,KSRTC (Kerala) - 564,Super Express Non AC Seater Air Bus (2+2),2024-09-05,20:12,04h 39m,00:51,3.7,INR 309,24 Seats available
Kozhikode to Ernakulam,https://www.redbus.in/bus-tickets/kozhikode-to-ernakulam,KSRTC (Kerala) - 2393,Low Floor AC Seater 2+2,2024-09-05,20:30,05h 14m,01:44,4.3,INR 383,14 Seats available
Kozhikode to Ernakulam,https://www.redbus.in/bus-tickets/kozhikode-to-ernakulam,KSRTC (Kerala) - 827,Super Fast Non AC Seater (2+3),2024-09-05,21:00,05h 35m,02:35,4.2,INR 269,49 Seats available
Kozhikode to Ernakulam,https://www.redbus.in/bus-tickets/kozhikode-to-ernakulam,KSRTC (Kerala) - 531,Super Express Non AC Seater Air Bus (2+2),2024-09-05,21:15,03h 55m,01:10,3.3,INR 309,10 Seats available
Kozhikode to Ernakulam,https://www.redbus.in/bus-tickets/kozhikode-to-ernakulam,A1 Travels,A/C Seater / Sleeper (2+1),2024-09-05,20:05,03h 54m,23:59,3.5,INR 550,27 Seats available
Kozhikode to Ernakulam,https://www.redbus.in/bus-tickets/kozhikode-to-ernakulam,A1 Travels,NON A/C Semi Sleeper (2+2),2024-09-05,21:00,04h 30m,01:30,3.5,INR 400,29 Seats available
Kozhikode to Ernakulam,https://www.redbus.in/bus-tickets/kozhikode-to-ernakulam,A1 Travels,Bharat Benz A/C Seater /Sleeper (2+1),2024-09-05,22:15,03h 30m,01:45,3.3,INR 600,30 Seats available
Kozhikode to Ernakulam,https://www.redbus.in/bus-tickets/kozhikode-to-ernakulam,Madhavi Travels,A/C Sleeper (2+1),2024-09-05,22:20,04h 15m,02:35,3.9,849,3 Seats available
Kozhikode to Ernakulam,https://www.redbus.in/bus-tickets/kozhikode-to-ernakulam,Shajees Motors,A/C Semi Sleeper (2+2),2024-09-05,22:30,04h 35m,03:05,3.6,460,25 Seats available
Ernakulam to Kozhikode,https://www.redbus.in/bus-tickets/ernakulam-to-kozhikode,KSRTC (Kerala) - 352,Super Fast Non AC Seater (2+3),2024-09-05,21:46,05h 24m,03:10,4.6,INR 269,28 Seats available
Ernakulam to Kozhikode,https://www.redbus.in/bus-tickets/ernakulam-to-kozhikode,KSRTC (Kerala) - 2071,Super Express Non AC Seater Air Bus (2+2),2024-09-05,22:10,04h 20m,02:30,3.7,INR 268,11 Seats available
Ernakulam to Kozhikode,https://www.redbus.in/bus-tickets/ernakulam-to-kozhikode,KSRTC (Kerala) - 408,Super Express Non AC Seater Air Bus (2+2),2024-09-05,22:30,04h 15m,02:45,2.8,INR 299,24 Seats available
Ernakulam to Kozhikode,https://www.redbus.in/bus-tickets/ernakulam-to-kozhikode,KSRTC (Kerala) - 697,Super Fast Non AC Seater (2+3),2024-09-05,22:34,05h 01m,03:35,3.6,INR 231,41 Seats available
Ernakulam to Kozhikode,https://www.redbus.in/bus-tickets/ernakulam-to-kozhikode,Shajees Motors,A/C Semi Sleeper (2+2),2024-09-05,19:30,05h 10m,00:40,3.3,500,21 Seats available
Ernakulam to Kozhikode,https://www.redbus.in/bus-tickets/ernakulam-to-kozhikode,Ubc travels,A/C Seater/Sleeper (2+1),2024-09-05,20:45,06h 15m,03:00,3.6,INR 900,27 Seats available
Ernakulam to Kozhikode,https://www.redbus.in/bus-tickets/ernakulam-to-kozhikode,Kalpaka Travels 1,A/C Sleeper (2+1),2024-09-05,20:55,05h 35m,02:30,5.0,INR 800,15 Seats available
Ernakulam to Kozhikode,https://www.redbus.in/bus-tickets/ernakulam-to-kozhikode,Jacobs Travels,A/C Semi Sleeper (2+2),2024-09-05,21:00,05h 30m,02:30,3.0,INR 700,24 Seats available
Ernakulam to Kozhikode,https://www.redbus.in/bus-tickets/ernakulam-to-kozhikode,Adrin Travels,A/C Seater/Sleeper (2+1),2024-09-05,21:00,05h 00m,02:00,5.0,INR 700,16 Seats available
Bangalore to Kannur,https://www.redbus.in/bus-tickets/bangalore-to-kannur,Sam Tourist,A/C Sleeper (2+1),2024-09-05,23:00,07h 00m,06:00,2.8,INR 1899,19 Seats available
Bangalore to Kannur,https://www.redbus.in/bus-tickets/bangalore-to-kannur,Sam Tourist,A/C Sleeper (2+1),2024-09-05,22:35,07h 30m,06:05,2.8,INR 1699,2 Seats available
Kozhikode to Mysore,https://www.redbus.in/bus-tickets/kozhikode-to-mysore,KSRTC (Kerala) - 1583,Super Express Non AC Seater Air Bus (2+2),2024-09-05,20:02,05h 59m,02:01,3.8,INR 419,28 Seats available
Kozhikode to Mysore,https://www.redbus.in/bus-tickets/kozhikode-to-mysore,KSRTC (Kerala) - 234,Swift Deluxe Non AC Air Bus (2+2),2024-09-05,21:00,06h 30m,03:30,3.8,INR 398,8 Seats available
Kozhikode to Mysore,https://www.redbus.in/bus-tickets/kozhikode-to-mysore,KSRTC (Kerala) - 1584,Super Express Non AC Seater Air Bus (2+2),2024-09-05,21:29,06h 04m,03:33,3.8,INR 419,23 Seats available
Kozhikode to Mysore,https://www.redbus.in/bus-tickets/kozhikode-to-mysore,KSRTC (Kerala) - 50,Swift Deluxe Non AC Air Bus (2+2),2024-09-05,22:06,05h 55m,04:01,4.6,INR 419,24 Seats available
Kozhikode to Mysore,https://www.redbus.in/bus-tickets/kozhikode-to-mysore,KSRTC (Kerala) - 549,Super Express Non AC Seater Air Bus (2+2),2024-09-05,22:15,05h 40m,03:55,3.8,INR 419,21 Seats available
Kozhikode to Mysore,https://www.redbus.in/bus-tickets/kozhikode-to-mysore,A1 Travels,A/C Seater / Sleeper (2+1),2024-09-05,20:00,08h 00m,04:00,3.2,INR 550,32 Seats available
Kozhikode to Mysore,https://www.redbus.in/bus-tickets/kozhikode-to-mysore,SAAM BUS,VE A/C Sleeper (2+1),2024-09-05,20:30,07h 30m,04:00,4.2,INR 750,16 Seats available
Kozhikode to Mysore,https://www.redbus.in/bus-tickets/kozhikode-to-mysore,National travels and logistics,NON A/C Sleeper (2+1),2024-09-05,20:45,07h 15m,04:00,3.8,549,16 Seats available
Kozhikode to Mysore,https://www.redbus.in/bus-tickets/kozhikode-to-mysore,National travels and logistics,A/C Sleeper (2+1),2024-09-05,21:00,06h 15m,03:15,3.8,INR 749,17 Seats available
Kozhikode to Mysore,https://www.redbus.in/bus-tickets/kozhikode-to-mysore,Sam Tourist,NON AC Seater / Sleeper 2+1,2024-09-05,21:00,07h 00m,04:00,3.1,INR 599,37 Seats available
Kannur to Bangalore,https://www.redbus.in/bus-tickets/kannur-to-bangalore,KSRTC (Kerala) - 100,Swift Deluxe Non AC Air Bus (2+2),2024-09-05,19:03,07h 18m,02:21,4.7,INR 548,30 Seats available
Kannur to Bangalore,https://www.redbus.in/bus-tickets/kannur-to-bangalore,KSRTC (Kerala) - 1766,Super Express Non AC Seater Air Bus (2+2),2024-09-05,20:16,08h 25m,04:41,4.3,INR 568,23 Seats available
Kannur to Bangalore,https://www.redbus.in/bus-tickets/kannur-to-bangalore,KSRTC (Kerala) - 133,Swift Deluxe Non AC Air Bus (2+2),2024-09-05,21:00,08h 15m,05:15,4.4,INR 568,30 Seats available
Kannur to Bangalore,https://www.redbus.in/bus-tickets/kannur-to-bangalore,KSRTC (Kerala) - 99,Swift Deluxe Non AC Air Bus (2+2),2024-09-05,21:30,08h 30m,06:00,4.2,INR 579,15 Seats available
Kannur to Bangalore,https://www.redbus.in/bus-tickets/kannur-to-bangalore,NS Transports,A/C Sleeper (2+1),2024-09-05,21:15,08h 15m,05:30,4.5,INR 949,15 Seats available
Kannur to Bangalore,https://www.redbus.in/bus-tickets/kannur-to-bangalore,Ashoka Travel and Logistics,A/C Sleeper (2+1),2024-09-05,21:15,08h 15m,05:30,4.4,INR 1000,12 Seats available
Kannur to Bangalore,https://www.redbus.in/bus-tickets/kannur-to-bangalore,Kalpaka Travels 1,A/C Sleeper (2+1),2024-09-05,21:45,07h 15m,05:00,4.2,INR 1000,17 Seats available
Kannur to Bangalore,https://www.redbus.in/bus-tickets/kannur-to-bangalore,NS Transports,Non A/C Seater / Sleeper (2+1),2024-09-05,20:30,08h 50m,05:20,4.1,INR 649,26 Seats available
Kannur to Bangalore,https://www.redbus.in/bus-tickets/kannur-to-bangalore,NS Transports,NON A/C Sleeper (2+1),2024-09-05,21:45,08h 00m,05:45,4.0,INR 725,13 Seats available
Kozhikode to Thiruvananthapuram,https://www.redbus.in/bus-tickets/kozhikode-to-thiruvananthapuram,KSRTC (Kerala) - 1286,Super Express Non AC Seater Air Bus (2+2),2024-09-05,19:15,09h 14m,04:29,3.7,INR 586,33 Seats available
Kozhikode to Thiruvananthapuram,https://www.redbus.in/bus-tickets/kozhikode-to-thiruvananthapuram,KSRTC (Kerala) - 2372,Low Floor AC Seater 2+2,2024-09-05,19:30,08h 40m,04:10,2.9,INR 723,20 Seats available
Kozhikode to Thiruvananthapuram,https://www.redbus.in/bus-tickets/kozhikode-to-thiruvananthapuram,KSRTC (Kerala) - 564,Super Express Non AC Seater Air Bus (2+2),2024-09-05,20:12,08h 58m,05:10,3.2,INR 586,26 Seats available
Kozhikode to Thiruvananthapuram,https://www.redbus.in/bus-tickets/kozhikode-to-thiruvananthapuram,KSRTC (Kerala) - 2393,Low Floor AC Seater 2+2,2024-09-05,20:30,10h 05m,06:35,2.9,INR 742,14 Seats available
Kozhikode to Thiruvananthapuram,https://www.redbus.in/bus-tickets/kozhikode-to-thiruvananthapuram,KSRTC (Kerala) - 2206,Super Express Non AC Seater Air Bus (2+2),2024-09-05,20:34,09h 15m,05:49,4.6,INR 565,20 Seats available
Kozhikode to Thiruvananthapuram,https://www.redbus.in/bus-tickets/kozhikode-to-thiruvananthapuram,BLM Transports,A/C Sleeper (2+1),2024-09-05,22:00,09h 00m,07:00,3.9,903,10 Seats available
Kozhikode to Thiruvananthapuram,https://www.redbus.in/bus-tickets/kozhikode-to-thiruvananthapuram,A1 Travels,A/C Seater / Sleeper (2+1),2024-09-05,20:05,09h 25m,05:30,3.9,INR 650,26 Seats available
Kozhikode to Thiruvananthapuram,https://www.redbus.in/bus-tickets/kozhikode-to-thiruvananthapuram,Madhavi Travels,A/C Sleeper (2+1),2024-09-05,22:20,08h 40m,07:00,3.5,849,3 Seats available
Kozhikode to Thiruvananthapuram,https://www.redbus.in/bus-tickets/kozhikode-to-thiruvananthapuram,A1 Travels,NON A/C Semi Sleeper (2+2),2024-09-05,21:00,09h 00m,06:00,3.0,INR 550,23 Seats available
Kozhikode to Thiruvananthapuram,https://www.redbus.in/bus-tickets/kozhikode-to-thiruvananthapuram,LIYAS TOURS,Bharat Benz A/C Sleeper (2+1),2024-09-05,23:05,08h 35m,07:40,3.7,1099,6 Seats available
Mysore to Kozhikode,https://www.redbus.in/bus-tickets/mysore-to-kozhikode,A1 Travels,Bharat Benz A/C Sleeper (2+1),2024-09-05,18:15,05h 15m,23:30,3.2,INR 600,14 Seats available
Mysore to Kozhikode,https://www.redbus.in/bus-tickets/mysore-to-kozhikode,LIYAS TOURS,Bharat Benz A/C Sleeper (2+1),2024-09-05,18:30,04h 35m,23:05,4.5,599,1 Seat available
Mysore to Kozhikode,https://www.redbus.in/bus-tickets/mysore-to-kozhikode,Suraj Holidays,NON AC Seater / Sleeper 2+1,2024-09-05,23:00,07h 00m,06:00,4.2,INR 1200,1 Seat available
Mysore to Kozhikode,https://www.redbus.in/bus-tickets/mysore-to-kozhikode,Kallada Travels (Suresh Kallada),A/C Sleeper (2+1),2024-09-05,18:30,04h 00m,22:30,2.5,INR 1200,17 Seats available
Mysore to Kozhikode,https://www.redbus.in/bus-tickets/mysore-to-kozhikode,FAST LINE BUS,A/C Sleeper (2+1),2024-09-05,23:59,06h 16m,06:15,0,INR 2699,34 Seats available
Bangalore to Kalpetta (kerala),https://www.redbus.in/bus-tickets/bangalore-to-kalpetta,MMK Travels,VE A/C Seater / Sleeper (2+1),2024-09-05,22:30,07h 00m,05:30,4.5,INR 1100,1 Seat available
Bangalore to Kalpetta (kerala),https://www.redbus.in/bus-tickets/bangalore-to-kalpetta,DLT BUS,A/C Sleeper (2+1),2024-09-05,22:30,07h 00m,05:30,4.1,INR 1499,2 Seats available
Bangalore to Kalpetta (kerala),https://www.redbus.in/bus-tickets/bangalore-to-kalpetta,Kyros Connect,Bharat Benz A/C Semi Sleeper (2+2),2024-09-05,23:00,08h 20m,07:20,4.4,INR 1699,13 Seats available
Bangalore to Kalpetta (kerala),https://www.redbus.in/bus-tickets/bangalore-to-kalpetta,FAST LINE BUS,A/C Sleeper (2+1),2024-09-05,21:15,06h 45m,04:00,4.5,INR 2699,34 Seats available
Bangalore to Kalpetta (kerala),https://www.redbus.in/bus-tickets/bangalore-to-kalpetta,DLT BUS,A/C Sleeper (2+1),2024-09-05,22:30,06h 50m,05:20,0,INR 1499,2 Seats available
Srinagar to Jammu (j and k),https://www.redbus.in/bus-tickets/srinagar-to-jammu,Jamna Travels-Jammu,Non AC Seater (2+2),2024-09-05,19:00,11h 45m,06:45,2.5,INR 649,30 Seats available
Jammu (j and k) to Srinagar,https://www.redbus.in/bus-tickets/jammu-to-srinagar,New Pal Travels,NON A/C Seater / Sleeper (2+2),2024-09-05,21:15,10h 00m,07:15,1.7,719,36 Seats available
Jammu (j and k) to Srinagar,https://www.redbus.in/bus-tickets/jammu-to-srinagar,Jamna Travels-Jammu,Non AC Seater (2+2),2024-09-05,21:30,10h 30m,08:00,1.4,INR 549,30 Seats available
Katra (jammu and kashmir) to Jammu (j and k),https://www.redbus.in/bus-tickets/katra-to-jammu,FlixBus,A/C Sleeper (2+1),2024-09-05,18:30,01h 25m,19:55,4.0,INR 109,23 Seats available
Katra (jammu and kashmir) to Jammu (j and k),https://www.redbus.in/bus-tickets/katra-to-jammu,Zingbus Plus,Bharat Benz A/C Seater /Sleeper (2+1),2024-09-05,18:45,01h 25m,20:10,4.3,INR 120,37 Seats available
Katra (jammu and kashmir) to Jammu (j and k),https://www.redbus.in/bus-tickets/katra-to-jammu,SHRI KRISHNA TRAVELS (JAI SHREE GANESH YATRA CO.),VE A/C Seater / Sleeper (2+1),2024-09-05,19:00,01h 00m,20:00,3.7,INR 675,35 Seats available
Katra (jammu and kashmir) to Jammu (j and k),https://www.redbus.in/bus-tickets/katra-to-jammu,Zingbus Plus,A/C Sleeper (2+1),2024-09-05,19:50,01h 30m,21:20,4.3,609,28 Seats available
Katra (jammu and kashmir) to Jammu (j and k),https://www.redbus.in/bus-tickets/katra-to-jammu,FlixBus,A/C Sleeper (2+1),2024-09-05,21:00,01h 25m,22:25,4.0,INR 109,32 Seats available
Jammu (j and k) to Chandigarh,https://www.redbus.in/bus-tickets/jammu-to-chandigarh,Laxmi holidays,Bharat Benz A/C Sleeper (2+1),2024-09-05,21:15,07h 15m,04:30,4.7,616,32 Seats available
Jammu (j and k) to Chandigarh,https://www.redbus.in/bus-tickets/jammu-to-chandigarh,Laxmi holidays,Bharat Benz A/C Seater /Sleeper (2+1),2024-09-05,20:50,07h 30m,04:20,4.4,489,35 Seats available
Jammu (j and k) to Chandigarh,https://www.redbus.in/bus-tickets/jammu-to-chandigarh,Laxmi holidays,Bharat Benz A/C Sleeper (2+1),2024-09-05,21:30,07h 20m,04:50,4.4,616,23 Seats available
Jammu (j and k) to Chandigarh,https://www.redbus.in/bus-tickets/jammu-to-chandigarh,AdBaru travels,A/C Seater / Sleeper (2+2),2024-09-05,21:45,07h 20m,05:05,4.0,INR 450,16 Seats available
Jammu (j and k) to Chandigarh,https://www.redbus.in/bus-tickets/jammu-to-chandigarh,Laxmi holidays,VE A/C Seater / Sleeper (2+1),2024-09-05,22:15,06h 55m,05:10,4.4,INR 486,24 Seats available
Chandigarh to Jammu (j and k),https://www.redbus.in/bus-tickets/chandigarh-to-jammu,Laxmi holidays,Bharat Benz A/C Seater /Sleeper (2+1),2024-09-05,22:50,07h 10m,06:00,4.5,608,10 Seats available
Chandigarh to Jammu (j and k),https://www.redbus.in/bus-tickets/chandigarh-to-jammu,Laxmi holidays,Bharat Benz A/C Seater /Sleeper (2+1),2024-09-05,23:05,06h 55m,06:00,4.4,INR 486,16 Seats available
Chandigarh to Jammu (j and k),https://www.redbus.in/bus-tickets/chandigarh-to-jammu,Laxmi holidays,Bharat Benz A/C Sleeper (2+1),2024-09-05,23:30,07h 30m,07:00,4.4,570,8 Seats available
Chandigarh to Jammu (j and k),https://www.redbus.in/bus-tickets/chandigarh-to-jammu,Zimindara Travels,A/C Seater / Sleeper (2+1),2024-09-05,22:30,07h 00m,05:30,4.2,INR 450,12 Seats available
Chandigarh to Jammu (j and k),https://www.redbus.in/bus-tickets/chandigarh-to-jammu,Moon Light Travels Katra,A/C Sleeper (2+1),2024-09-05,21:15,07h 15m,04:30,4.2,539,13 Seats available
Tezpur to Guwahati,https://www.redbus.in/bus-tickets/tezpur-to-guwahati,BLUE HILL TRAVELS INDIA LIMITED,NON A/C Seater Semi Sleeper (2+1),2024-09-05,22:15,05h 30m,03:45,3.3,450,22 Seats available
Tezpur to Guwahati,https://www.redbus.in/bus-tickets/tezpur-to-guwahati,BLUE HILL TRAVELS INDIA LIMITED,NON A/C Seater Semi Sleeper (2+1),2024-09-05,21:30,06h 00m,03:30,2.9,INR 400,27 Seats available
Tezpur to Guwahati,https://www.redbus.in/bus-tickets/tezpur-to-guwahati,Himalayan Travels,NON AC Seater / Sleeper 2+1,2024-09-05,23:40,04h 20m,04:00,2.2,450,21 Seats available
Guwahati to Tezpur,https://www.redbus.in/bus-tickets/guwahati-to-tezpur,Yatra Travels,NON A/C Seater (2+1),2024-09-05,18:20,05h 10m,23:30,3.7,350,16 Seats available
Guwahati to Tezpur,https://www.redbus.in/bus-tickets/guwahati-to-tezpur,Yatra Travels,NON AC Seater/ Sleeper (2+1),2024-09-05,20:00,04h 00m,00:00,3.6,350,26 Seats available
Guwahati to Tezpur,https://www.redbus.in/bus-tickets/guwahati-to-tezpur,Yatra Travels,NON AC Seater/ Sleeper (2+1),2024-09-05,20:30,04h 30m,01:00,3.8,350,35 Seats available
Guwahati to Tezpur,https://www.redbus.in/bus-tickets/guwahati-to-tezpur,KIRAN TRAVELS,A/C Seater (2+1),2024-09-05,20:40,03h 50m,00:30,3.1,500,14 Seats available
Guwahati to Tezpur,https://www.redbus.in/bus-tickets/guwahati-to-tezpur,Pranjit Travels (Under ASTC),A/C Seater / Sleeper (2+1),2024-09-05,20:45,05h 45m,02:30,3.2,INR 500,41 Seats available
Dhubri to Guwahati,https://www.redbus.in/bus-tickets/dhubri-to-guwahati,MAA MONOSHA TRAVELS,NON A/C Seater (2+1),2024-09-05,20:00,07h 30m,03:30,2.2,INR 350,38 Seats available
Pune to Goa,https://www.redbus.in/bus-tickets/pune-to-goa,Kadamba Transport Corporation Limited (KTCL) - 6006,Volvo AC Seater 2+2,2024-09-05,20:00,10h 21m,06:21,4.1,INR 1800,9 Seats available
Pune to Goa,https://www.redbus.in/bus-tickets/pune-to-goa,Prasanna - Purple Bus,VE A/C Sleeper (2+1),2024-09-05,20:55,12h 35m,09:30,4.2,1458,12 Seats available
Pune to Goa,https://www.redbus.in/bus-tickets/pune-to-goa,Atmaram Gobus,VE A/C Sleeper (2+1),2024-09-05,18:30,13h 15m,07:45,4.6,INR 1550,2 Seats available
Pune to Goa,https://www.redbus.in/bus-tickets/pune-to-goa,AdIntrCity SmartBus,AC Sleeper (2+1),2024-09-05,20:30,11h 45m,08:15,3.8,INR 1109,7 Seats available
Pune to Goa,https://www.redbus.in/bus-tickets/pune-to-goa,Ashray Amrutyog,A/C Sleeper (2+1),2024-09-05,20:00,12h 00m,08:00,4.4,INR 1700,6 Seats available
Goa to Pune,https://www.redbus.in/bus-tickets/goa-to-pune,Kadamba Transport Corporation Limited (KTCL) - 89820,A/C Sleeper (2+1),2024-09-05,19:00,12h 00m,07:00,3.2,INR 900,26 Seats available
Goa to Pune,https://www.redbus.in/bus-tickets/goa-to-pune,IntrCity SmartBus,Bharat Benz A/C Seater /Sleeper (2+1),2024-09-05,19:00,11h 30m,06:30,4.3,INR 399,14 Seats available
Goa to Pune,https://www.redbus.in/bus-tickets/goa-to-pune,IntrCity SmartBus,AC Sleeper (2+1),2024-09-05,20:30,10h 35m,07:05,4.3,INR 699,22 Seats available
Goa to Pune,https://www.redbus.in/bus-tickets/goa-to-pune,IntrCity SmartBus,Bharat Benz A/C Sleeper (2+1),2024-09-05,20:00,11h 30m,07:30,4.2,INR 599,18 Seats available
Goa to Pune,https://www.redbus.in/bus-tickets/goa-to-pune,IntrCity SmartBus,Bharat Benz A/C Sleeper (2+1),2024-09-05,20:45,12h 10m,08:55,4.3,INR 599,12 Seats available
Mumbai to Goa,https://www.redbus.in/bus-tickets/mumbai-to-goa,Zingbus Plus,VE A/C Sleeper (2+1),2024-09-05,20:00,17h 10m,13:10,4.5,2974,5 Seats available
Mumbai to Goa,https://www.redbus.in/bus-tickets/mumbai-to-goa,Zingbus Plus,VE A/C Sleeper (2+1),2024-09-05,18:15,16h 55m,11:10,4.5,3449,4 Seats available
Mumbai to Goa,https://www.redbus.in/bus-tickets/mumbai-to-goa,IntrCity SmartBus,AC Sleeper (2+1),2024-09-05,18:40,13h 40m,08:20,4.4,INR 3353,1 Seat available
Mumbai to Goa,https://www.redbus.in/bus-tickets/mumbai-to-goa,Zingbus Plus,Bharat Benz A/C Sleeper (2+1),2024-09-05,18:15,15h 45m,10:00,4.3,2349,3 Seats available
Mumbai to Goa,https://www.redbus.in/bus-tickets/mumbai-to-goa,IntrCity SmartBus,AC Sleeper (2+1),2024-09-05,19:35,14h 15m,09:50,4.3,INR 2725,3 Seats available
Bangalore to Goa,https://www.redbus.in/bus-tickets/bangalore-to-goa,Kadamba Transport Corporation Limited (KTCL) - 141293,Volvo AC Seater 2+2,2024-09-05,19:45,12h 30m,08:15,4.0,INR 1800,4 Seats available
Bangalore to Goa,https://www.redbus.in/bus-tickets/bangalore-to-goa,Intercity travels,Bharat Benz A/C Sleeper (2+1),2024-09-05,19:00,15h 15m,10:15,4.5,INR 1599,5 Seats available
Bangalore to Goa,https://www.redbus.in/bus-tickets/bangalore-to-goa,Sunrise Tours and Travels,A/C Sleeper (2+1),2024-09-05,18:40,16h 05m,10:45,4.5,INR 1499,1 Seat available
Bangalore to Goa,https://www.redbus.in/bus-tickets/bangalore-to-goa,IntrCity SmartBus,AC Sleeper (2+1),2024-09-05,18:30,16h 10m,10:40,4.3,INR 1305,2 Seats available
Bangalore to Goa,https://www.redbus.in/bus-tickets/bangalore-to-goa,Streamline tours and travels,A/C Sleeper (2+1),2024-09-05,19:25,14h 50m,10:15,4.2,INR 1499,9 Seats available
Goa to Bangalore,https://www.redbus.in/bus-tickets/goa-to-bangalore,Intercity travels,Bharat Benz A/C Sleeper (2+1),2024-09-05,18:20,12h 55m,07:15,4.6,INR 1099,16 Seats available
Goa to Bangalore,https://www.redbus.in/bus-tickets/goa-to-bangalore,Sunrise Tours and Travels,A/C Sleeper (2+1),2024-09-05,18:30,12h 00m,06:30,4.3,INR 999,11 Seats available
Goa to Bangalore,https://www.redbus.in/bus-tickets/goa-to-bangalore,Streamline tours and travels,A/C Sleeper (2+1),2024-09-05,18:30,13h 00m,07:30,4.0,INR 999,25 Seats available
Goa to Bangalore,https://www.redbus.in/bus-tickets/goa-to-bangalore,Shanta Travels,NON A/C Sleeper (2+1),2024-09-05,18:40,12h 35m,07:15,4.0,INR 810,15 Seats available
Goa to Bangalore,https://www.redbus.in/bus-tickets/goa-to-bangalore,Streamline tours and travels,A/C Sleeper (2+1),2024-09-05,18:25,12h 05m,06:30,4.1,INR 999,28 Seats available
Goa to Mumbai,https://www.redbus.in/bus-tickets/goa-to-mumbai,Zingbus Plus,VE A/C Sleeper (2+1),2024-09-05,20:00,17h 25m,13:25,4.6,513,12 Seats available
Goa to Mumbai,https://www.redbus.in/bus-tickets/goa-to-mumbai,IntrCity SmartBus,AC Sleeper (2+1),2024-09-05,20:30,14h 50m,11:20,4.2,INR 699,21 Seats available
Goa to Mumbai,https://www.redbus.in/bus-tickets/goa-to-mumbai,Atmaram Travels (Unity),A/C Sleeper (2+1),2024-09-05,18:45,16h 20m,11:05,4.1,INR 450,13 Seats available
Goa to Mumbai,https://www.redbus.in/bus-tickets/goa-to-mumbai,AdIntrCity SmartBus,AC Sleeper (2+1),2024-09-05,18:30,13h 15m,07:45,4.0,INR 649,19 Seats available
Goa to Mumbai,https://www.redbus.in/bus-tickets/goa-to-mumbai,Atmaram Travels(M.Dev),A/C Sleeper (2+1),2024-09-05,19:47,14h 40m,10:27,4.3,INR 501,21 Seats available
Pandharpur to Goa,https://www.redbus.in/bus-tickets/pandharpur-to-goa,SR Tours & Travels,A/C Sleeper (2+1),2024-09-05,19:45,09h 45m,05:30,2.6,1170,15 Seats available
Goa to Pandharpur,https://www.redbus.in/bus-tickets/goa-to-pandharpur,SR Tours & Travels,A/C Sleeper (2+1),2024-09-05,19:00,10h 20m,05:20,3.6,1350,2 Seats available
Solapur to Goa,https://www.redbus.in/bus-tickets/solapur-to-goa,Humsafar Travels,Bharat Benz A/C Sleeper (2+1),2024-09-05,23:15,08h 45m,08:00,3.0,INR 2550,2 Seats available
Solapur to Goa,https://www.redbus.in/bus-tickets/solapur-to-goa,S R Travels,A/C Seater/Sleeper (2+1),2024-09-05,18:45,12h 15m,07:00,2.4,INR 700,11 Seats available
Solapur to Goa,https://www.redbus.in/bus-tickets/solapur-to-goa,Sharma Travels,AC Sleeper (2+1),2024-09-05,23:01,10h 00m,09:01,3.9,INR 1715,3 Seats available
Solapur to Goa,https://www.redbus.in/bus-tickets/solapur-to-goa,SR Tours & Travels,A/C Sleeper (2+1),2024-09-05,18:10,11h 20m,05:30,2.6,900,10 Seats available
Calangute (goa) to Goa Airport,https://www.redbus.in/bus-tickets/calangute-goa-to-goa-airport,Kadamba Transport Corporation Limited (KTCL) - 99719,AC Seater (2+2),2024-09-05,18:30,01h 30m,20:00,4.9,INR 200,40 Seats available
Digha to Barasat (West Bengal),https://www.redbus.in/bus-tickets/digha-to-barasat-west-bengal,The Joy Ride,A/C Seater / Sleeper (2+2),2024-09-05,21:15,06h 20m,03:35,3.7,520,48 Seats available
Digha to Barasat (West Bengal),https://www.redbus.in/bus-tickets/digha-to-barasat-west-bengal,Snemita Paribahan (Shinjini),AC Seater (2+3),2024-09-05,23:35,05h 25m,05:00,3.2,INR 420,28 Seats available
Digha to Barasat (West Bengal),https://www.redbus.in/bus-tickets/digha-to-barasat-west-bengal,Arunita Paribahan,A/C Seater (2+3),2024-09-05,23:35,05h 25m,05:00,3.0,INR 370,19 Seats available
Digha to Barasat (West Bengal),https://www.redbus.in/bus-tickets/digha-to-barasat-west-bengal,Aradhana Travels,A/C Seater / Sleeper (2+2),2024-09-05,18:35,05h 20m,23:55,1.2,475,18 Seats available
Digha to Barasat (West Bengal),https://www.redbus.in/bus-tickets/digha-to-barasat-west-bengal,Satya Paribahan,A/C Seater (2+3),2024-09-05,23:00,06h 10m,05:10,2.9,296,35 Seats available
Durgapur to Calcutta,https://www.redbus.in/bus-tickets/durgapur-to-kolkata,Express Line,Volvo A/C Seater (2+2),2024-09-05,18:30,04h 20m,22:50,4.6,INR 486,34 Seats available
Digha to Calcutta,https://www.redbus.in/bus-tickets/digha-to-kolkata,City Express (Shinjini),AC Seater (2+3),2024-09-05,22:45,05h 25m,04:10,3.8,INR 320,22 Seats available
Digha to Calcutta,https://www.redbus.in/bus-tickets/digha-to-kolkata,Satya Paribahan,A/C Seater (2+3),2024-09-05,23:00,04h 45m,03:45,2.9,296,33 Seats available
Digha to Calcutta,https://www.redbus.in/bus-tickets/digha-to-kolkata,Snemita Paribahan(Shinjini),A/C Seater (2+3),2024-09-05,22:45,05h 25m,04:10,2.9,INR 320,13 Seats available
Digha to Calcutta,https://www.redbus.in/bus-tickets/digha-to-kolkata,Parameswar Travels,A/C Seater Push Back (2+3),2024-09-05,20:00,05h 35m,01:35,3.4,285,20 Seats available
Digha to Calcutta,https://www.redbus.in/bus-tickets/digha-to-kolkata,Parameswar Travels,A/C Seater Push Back (2+3),2024-09-05,18:10,05h 05m,23:15,2.7,285,31 Seats available
Kolkata to Digha,https://www.redbus.in/bus-tickets/kolkata-to-digha,SBSTC-KOLKATA - DIGHA - 23:30 (DIGHA DEPOT) - 3988,Non AC Seater (2+3),2024-09-05,23:30,04h 30m,04:00,4.3,INR 155,11 Seats available
Kolkata to Digha,https://www.redbus.in/bus-tickets/kolkata-to-digha,SBSTC-GARIA - DIGHA - 22:30 (DIGHA DEPOT) - 3745,Non AC Seater (2+3),2024-09-05,23:45,04h 30m,04:15,4.2,INR 155,47 Seats available
Kolkata to Digha,https://www.redbus.in/bus-tickets/kolkata-to-digha,Shyamoli Paribahan Pvt Ltd,Volvo B11R Multi Axle Seater (2+2),2024-09-05,23:30,05h 00m,04:30,4.5,INR 450,24 Seats available
Kolkata to Digha,https://www.redbus.in/bus-tickets/kolkata-to-digha,Express Line,Volvo 9600 A/C Seater (2+2),2024-09-05,23:45,05h 00m,04:45,4.3,359,30 Seats available
Kolkata to Digha,https://www.redbus.in/bus-tickets/kolkata-to-digha,Mayuri Express,AC Seater (2+2),2024-09-05,23:15,05h 15m,04:30,4.2,INR 350,25 Seats available
Kolkata to Digha,https://www.redbus.in/bus-tickets/kolkata-to-digha,Sagufta Travels(Maa Chandi),A/C Seater / Sleeper (2+2),2024-09-05,23:57,05h 13m,05:10,4.3,INR 415,10 Seats available
Kolkata to Digha,https://www.redbus.in/bus-tickets/kolkata-to-digha,Maa Chandi Travels,A/C Seater / Sleeper (2+2),2024-09-05,23:57,05h 13m,05:10,4.6,370,20 Seats available
